date,long_leg,short_leg,net
2023-04-01,-0.015625,0.016097,0.000472
2023-04-02,-0.024361,0.006636,-0.017726
2023-04-03,0.023664,-0.020084,0.003580
2023-04-04,0.029179,-0.039982,-0.010803
2023-04-05,-0.043342,0.041583,-0.001759
2023-04-06,-0.010970,0.004186,-0.006784
2023-04-07,0.012746,0.014755,0.027501
2023-04-08,-0.019687,0.048994,0.029307
2023-04-09,0.032041,-0.000343,0.031698
2023-04-10,0.023428,-0.002853,0.020574
2023-04-11,-0.022907,0.036801,0.013894
2023-04-12,0.034320,-0.016583,0.017737
2023-04-13,0.038141,-0.045274,-0.007133
2023-04-14,0.003687,0.003849,0.007536
2023-04-15,0.009857,-0.030346,-0.020490
2023-04-16,0.005334,0.000718,0.006052
2023-04-17,0.009720,-0.009617,0.000103
2023-04-18,-0.086949,0.089979,0.003030
2023-04-19,-0.011340,-0.015219,-0.026559
2023-04-20,-0.057521,0.055804,-0.001717
2023-04-21,-0.075139,0.060089,-0.015050
2023-04-22,0.024870,-0.036261,-0.011392
2023-04-23,-0.041211,0.029774,-0.011437
2023-04-24,-0.017252,0.003676,-0.013576
2023-04-25,0.055465,-0.067226,-0.011761
2023-04-26,-0.022842,0.007103,-0.015739
2023-04-27,0.020141,-0.017114,0.003028
2023-04-28,-0.019446,-0.024234,-0.043681
2023-04-29,-0.014360,0.019942,0.005582
2023-04-30,-0.038928,0.018855,-0.020073
2023-05-01,-0.015170,0.055439,0.040269
2023-05-02,-0.004435,-0.006945,-0.011380
2023-05-03,0.007428,-0.014095,-0.006667
2023-05-04,-0.030490,0.018093,-0.012397
2023-05-05,-0.027229,0.028192,0.000963
2023-05-06,-0.031963,0.040341,0.008378
2023-05-07,-0.066635,0.078832,0.012197
2023-05-08,-0.069175,0.043413,-0.025762
2023-05-09,-0.020771,-0.010229,-0.030999
2023-05-10,-0.010783,-0.021180,-0.031963
2023-05-11,-0.030590,0.025617,-0.004973
2023-05-12,0.020810,0.000833,0.021643
2023-05-13,-0.006196,0.001484,-0.004712
2023-05-14,0.042058,-0.039874,0.002185
2023-05-15,-0.007459,-0.005621,-0.013079
2023-05-16,-0.002729,-0.003130,-0.005859
2023-05-17,0.021857,-0.044873,-0.023015
2023-05-18,-0.016477,0.012238,-0.004239
2023-05-19,-0.004167,0.006156,0.001990
2023-05-20,-0.006214,-0.003728,-0.009942
2023-05-21,-0.001096,0.019543,0.018447
2023-05-22,0.019979,-0.041187,-0.021208
2023-05-23,-0.028914,-0.008142,-0.037056
2023-05-24,-0.033745,-0.008257,-0.042002
2023-05-25,0.005880,0.032694,0.038574
2023-05-26,0.010375,-0.024489,-0.014114
2023-05-27,0.000180,-0.016133,-0.015953
2023-05-28,0.022066,-0.059895,-0.037829
2023-05-29,0.004094,0.021278,0.025372
2023-05-30,-0.039464,0.033330,-0.006134
2023-05-31,0.020843,0.013332,0.034176
2023-06-01,0.004407,-0.022678,-0.018271
2023-06-02,0.012407,-0.022813,-0.010406
2023-06-03,-0.009311,0.033018,0.023707
2023-06-04,-0.023198,0.018779,-0.004419
2023-06-05,-0.103821,0.094055,-0.009767
2023-06-06,0.005984,0.001272,0.007256
2023-06-07,-0.035574,0.059472,0.023897
2023-06-08,-0.004195,-0.010525,-0.014720
2023-06-09,-0.214329,0.228729,0.014400
2023-06-10,0.029611,-0.025051,0.004560
2023-06-11,0.021559,-0.004854,0.016705
2023-06-12,0.016676,-0.034902,-0.018226
2023-06-13,0.000359,0.010447,0.010805
2023-06-14,-0.057094,0.053135,-0.003959
2023-06-15,0.032668,-0.026520,0.006148
2023-06-16,0.050367,-0.037998,0.012369
2023-06-17,-0.014710,0.008343,-0.006367
2023-06-18,-0.020179,0.020604,0.000425
2023-06-19,0.011536,0.001780,0.013316
2023-06-20,0.096392,-0.081665,0.014727
2023-06-21,0.092422,-0.039974,0.052447
2023-06-22,-0.033933,0.034361,0.000429
2023-06-23,0.053019,-0.007896,0.045122
2023-06-24,0.020569,-0.008232,0.012337
2023-06-25,-0.047102,0.033261,-0.013841
2023-06-26,-0.002774,0.005679,0.002906
2023-06-27,-0.041783,0.033444,-0.008339
2023-06-28,-0.027073,0.006123,-0.020950
2023-06-29,0.022453,-0.044960,-0.022506
2023-06-30,0.006293,-0.021719,-0.015425
2023-07-01,-0.012418,0.039392,0.026974
2023-07-02,0.037514,-0.020993,0.016521
2023-07-03,-0.014459,0.026275,0.011816
2023-07-04,-0.013851,0.000291,-0.013559
2023-07-05,-0.009139,0.004991,-0.004149
2023-07-06,-0.064751,0.057199,-0.007552
2023-07-07,0.003761,-0.010245,-0.006484
2023-07-08,-0.019251,0.009484,-0.009767
2023-07-09,-0.028660,0.008828,-0.019832
2023-07-10,0.028806,-0.006000,0.022806
2023-07-11,0.000903,0.015689,0.016592
2023-07-12,0.007329,0.014886,0.022215
2023-07-13,0.069335,-0.018682,0.050653
2023-07-14,-0.011336,0.021882,0.010546
2023-07-15,-0.023943,0.023677,-0.000267
2023-07-16,-0.008861,-0.011013,-0.019874
2023-07-17,-0.020133,0.047185,0.027052
2023-07-18,-0.004623,0.018887,0.014264
2023-07-19,0.008382,-0.039469,-0.031087
2023-07-20,-0.028234,-0.001749,-0.029982
2023-07-21,0.017771,-0.019789,-0.002018
2023-07-22,-0.011039,-0.017593,-0.028632
2023-07-23,-0.049948,0.078123,0.028175
2023-07-24,-0.003343,0.004742,0.001399
2023-07-25,0.004964,0.007142,0.012106
2023-07-26,0.050618,-0.066527,-0.015909
2023-07-27,-0.011229,0.006448,-0.004781
2023-07-28,0.005610,-0.031580,-0.025971
2023-07-29,-0.002879,-0.010273,-0.013152
2023-07-30,-0.016297,-0.000467,-0.016764
2023-07-31,-0.050838,0.050219,-0.000619
2023-08-01,0.004943,-0.004757,0.000187
2023-08-02,-0.023066,0.023083,0.000017
2023-08-03,-0.000478,0.006112,0.005634
2023-08-04,-0.014578,-0.026108,-0.040686
2023-08-05,0.025515,-0.004202,0.021313
2023-08-06,-0.006591,-0.022511,-0.029102
2023-08-07,-0.012040,0.000646,-0.011394
2023-08-08,0.002446,0.006144,0.008590
2023-08-09,-0.006785,0.026066,0.019281
2023-08-10,-0.004809,-0.029155,-0.033964
2023-08-11,0.026988,-0.014211,0.012777
2023-08-12,0.007654,-0.058203,-0.050549
2023-08-13,0.027205,-0.049254,-0.022048
2023-08-14,-0.014025,0.004542,-0.009483
2023-08-15,-0.090843,0.019135,-0.071708
2023-08-16,-0.023217,0.042888,0.019671
2023-08-17,-0.109591,0.087753,-0.021838
2023-08-18,0.012848,-0.021902,-0.009054
2023-08-19,0.019604,-0.008077,0.011527
2023-08-20,-0.021926,0.020284,-0.001642
2023-08-21,0.019475,-0.020253,-0.000778
2023-08-22,-0.006489,-0.006589,-0.013078
2023-08-23,0.014552,-0.021986,-0.007434
2023-08-24,-0.029877,0.079346,0.049469
2023-08-25,0.023702,-0.013251,0.010451
2023-08-26,-0.014150,-0.000055,-0.014206
2023-08-27,0.029301,-0.009497,0.019803
2023-08-28,0.003003,0.020185,0.023188
2023-08-29,0.077660,-0.062174,0.015486
2023-08-30,-0.004418,0.013017,0.008599
2023-08-31,-0.018623,-0.011744,-0.030368
2023-09-01,-0.017558,0.016930,-0.000628
2023-09-02,0.018722,-0.020724,-0.002002
2023-09-03,0.029324,-0.000884,0.028440
2023-09-04,-0.020382,0.024662,0.004280
2023-09-05,0.051003,0.001500,0.052503
2023-09-06,-0.002605,-0.005999,-0.008604
2023-09-07,0.003558,-0.058010,-0.054452
2023-09-08,0.006496,0.000826,0.007322
2023-09-09,-0.067225,0.032492,-0.034734
2023-09-10,-0.042123,0.042380,0.000257
2023-09-11,0.019599,-0.038307,-0.018709
2023-09-12,0.001066,0.015709,0.016775
2023-09-13,0.003471,-0.020024,-0.016553
2023-09-14,0.015893,-0.002448,0.013445
2023-09-15,0.033155,-0.052171,-0.019017
2023-09-16,-0.014429,0.022479,0.008050
2023-09-17,-0.011279,0.027403,0.016124
2023-09-18,0.017266,-0.074889,-0.057622
2023-09-19,-0.014678,-0.006213,-0.020891
2023-09-20,-0.035963,0.031574,-0.004389
2023-09-21,0.029751,-0.013274,0.016478
2023-09-22,-0.000961,-0.003401,-0.004361
2023-09-23,-0.019670,0.021056,0.001386
2023-09-24,-0.007067,-0.000551,-0.007619
2023-09-25,0.015005,-0.019200,-0.004195
2023-09-26,0.003467,-0.006604,-0.003137
2023-09-27,-0.002330,-0.016111,-0.018441
2023-09-28,0.024238,-0.022714,0.001525
2023-09-29,-0.009135,-0.014057,-0.023192
2023-09-30,0.057003,-0.022338,0.034665
2023-10-01,0.009300,-0.027931,-0.018631
2023-10-02,-0.047490,0.043922,-0.003567
2023-10-03,-0.033782,0.064991,0.031208
2023-10-04,-0.019693,0.041999,0.022306
2023-10-05,-0.009899,0.009270,-0.000629
2023-10-06,0.013361,0.002841,0.016202
2023-10-07,-0.002763,-0.011546,-0.014309
2023-10-08,-0.035541,0.014107,-0.021434
2023-10-09,0.006915,0.027789,0.034704
2023-10-10,-0.035286,0.006980,-0.028306
2023-10-11,-0.034714,0.028116,-0.006599
2023-10-12,0.002937,-0.014089,-0.011152
2023-10-13,-0.002631,-0.006270,-0.008901
2023-10-14,0.014225,-0.028572,-0.014346
2023-10-15,0.017362,-0.024168,-0.006806
2023-10-16,-0.005052,0.006344,0.001291
2023-10-17,-0.041788,0.027348,-0.014441
2023-10-18,-0.041121,0.027346,-0.013775
2023-10-19,0.046824,-0.047360,-0.000536
2023-10-20,0.011277,0.011339,0.022616
2023-10-21,-0.016104,-0.035244,-0.051348
2023-10-22,0.021917,-0.030376,-0.008459
2023-10-23,0.094566,-0.106658,-0.012093
2023-10-24,0.001870,0.003416,0.005286
2023-10-25,0.047700,-0.050384,-0.002684
2023-10-26,-0.024387,0.040153,0.015766
2023-10-27,0.018255,-0.008144,0.010111
2023-10-28,0.014648,-0.013674,0.000974
2023-10-29,0.029201,-0.048009,-0.018808
2023-10-30,0.016225,-0.012037,0.004187
2023-10-31,-0.044450,0.047495,0.003045
2023-11-01,0.045463,-0.037725,0.007738
2023-11-02,-0.082040,0.078260,-0.003780
2023-11-03,0.061402,-0.049054,0.012348
2023-11-04,0.018906,-0.048749,-0.029843
2023-11-05,0.001569,0.016351,0.017920
2023-11-06,-0.002111,0.018427,0.016316
2023-11-07,0.006928,0.016223,0.023151
2023-11-08,0.029395,-0.065296,-0.035901
2023-11-09,0.012692,-0.002689,0.010004
2023-11-10,0.010607,0.014210,0.024818
2023-11-11,0.029978,-0.011353,0.018625
2023-11-12,-0.003387,0.008987,0.005600
2023-11-13,-0.061463,0.038377,-0.023086
2023-11-14,0.010582,-0.040677,-0.030095
2023-11-15,0.028287,-0.047997,-0.019710
2023-11-16,-0.039136,0.067680,0.028544
2023-11-17,-0.071046,0.118779,0.047733
2023-11-18,0.045307,-0.018350,0.026957
2023-11-19,0.038397,-0.042834,-0.004437
2023-11-20,-0.034068,0.070639,0.036572
2023-11-21,-0.045422,0.009628,-0.035793
2023-11-22,0.045744,-0.042992,0.002751
2023-11-23,0.026235,-0.049300,-0.023066
2023-11-24,0.039800,-0.009696,0.030104
2023-11-25,0.001220,-0.004337,-0.003117
2023-11-26,-0.062224,0.022614,-0.039610
2023-11-27,-0.024577,0.052911,0.028334
2023-11-28,0.051562,-0.038159,0.013403
2023-11-29,-0.023500,0.051029,0.027530
2023-11-30,0.011052,-0.010628,0.000424
2023-12-01,0.011230,-0.050009,-0.038779
2023-12-02,0.014278,-0.076341,-0.062063
2023-12-03,0.016751,-0.046877,-0.030125
2023-12-04,-0.002921,-0.044724,-0.047645
2023-12-05,-0.009289,0.037271,0.027982
2023-12-06,-0.034463,0.031674,-0.002790
2023-12-07,0.026992,-0.000557,0.026435
2023-12-08,0.034038,-0.055115,-0.021077
2023-12-09,-0.025723,0.056065,0.030342
2023-12-10,0.020375,-0.014077,0.006297
2023-12-11,0.015616,-0.009375,0.006241
2023-12-12,-0.050525,0.040685,-0.009840
2023-12-13,0.061324,-0.071766,-0.010442
2023-12-14,0.004172,-0.003386,0.000786
2023-12-15,-0.019188,-0.005052,-0.024240
2023-12-16,0.004584,-0.010930,-0.006346
2023-12-17,-0.091830,0.097933,0.006103
2023-12-18,0.061840,-0.102891,-0.041050
2023-12-19,0.004795,0.015849,0.020644
2023-12-20,0.020994,-0.008925,0.012069
2023-12-21,-0.017871,0.018667,0.000795
2023-12-22,0.018987,0.011824,0.030811
2023-12-23,0.035390,-0.044658,-0.009268
2023-12-24,-0.010499,-0.015852,-0.026350
2023-12-25,-0.003751,-0.036624,-0.040374
2023-12-26,-0.030659,0.025333,-0.005326
2023-12-27,0.006070,0.022978,0.029048
2023-12-28,-0.010199,-0.010142,-0.020342
2023-12-29,-0.031511,0.042749,0.011238
2023-12-30,0.018425,-0.038855,-0.020430
2023-12-31,-0.038303,0.033304,-0.004999
2024-01-01,0.068093,-0.050836,0.017257
2024-01-02,-0.014883,-0.019445,-0.034328
2024-01-03,-0.095417,0.109333,0.013916
2024-01-04,-0.021762,0.010192,-0.011569
2024-01-05,-0.075253,0.002286,-0.072967
2024-01-06,0.046111,0.041177,0.087289
2024-01-07,-0.093606,0.092058,-0.001548
2024-01-08,0.044335,-0.034992,0.009343
2024-01-09,0.002195,0.020151,0.022346
2024-01-10,0.090302,-0.060281,0.030022
2024-01-11,0.034030,-0.000411,0.033619
2024-01-12,-0.042092,0.056812,0.014720
2024-01-13,0.019454,-0.027710,-0.008256
2024-01-14,-0.002894,0.021245,0.018351
2024-01-15,0.007645,0.006289,0.013934
2024-01-16,-0.013386,-0.003562,-0.016948
2024-01-17,-0.018016,0.022629,0.004613
2024-01-18,-0.065410,0.061312,-0.004098
2024-01-19,-0.019087,0.017046,-0.002041
2024-01-20,0.022468,-0.059440,-0.036972
2024-01-21,-0.056177,0.066141,0.009965
2024-01-22,-0.079486,0.039567,-0.039918
2024-01-23,0.059596,-0.030037,0.029560
2024-01-24,-0.006043,-0.007574,-0.013617
2024-01-25,0.007443,-0.005514,0.001930
2024-01-26,0.026786,-0.025479,0.001307
2024-01-27,0.000173,0.002424,0.002596
2024-01-28,-0.020566,-0.005683,-0.026250
2024-01-29,0.026949,-0.015385,0.011564
2024-01-30,-0.038350,0.042813,0.004462
2024-01-31,-0.015328,0.034940,0.019612
2024-02-01,0.025984,-0.005779,0.020204
2024-02-02,0.002296,-0.010332,-0.008037
2024-02-03,-0.021659,0.007029,-0.014630
2024-02-04,0.010717,-0.004004,0.006713
2024-02-05,0.021757,-0.024183,-0.002427
2024-02-06,0.004936,0.002620,0.007556
2024-02-07,0.039136,-0.024795,0.014341
2024-02-08,0.020925,-0.039630,-0.018705
2024-02-09,0.002330,0.008327,0.010658
2024-02-10,0.038094,-0.016320,0.021774
2024-02-11,-0.019796,0.024390,0.004595
2024-02-12,0.065468,-0.029089,0.036380
2024-02-13,0.035094,-0.027918,0.007176
2024-02-14,0.042194,-0.011522,0.030672
2024-02-15,0.000991,-0.003550,-0.002559
2024-02-16,-0.022658,-0.000345,-0.023002
2024-02-17,0.085602,-0.042956,0.042647
2024-02-18,0.020457,-0.051377,-0.030919
2024-02-19,-0.005184,0.067004,0.061820
2024-02-20,-0.074271,0.032377,-0.041894
2024-02-21,0.077671,-0.083725,-0.006055
2024-02-22,-0.026576,0.048913,0.022338
2024-02-23,0.022489,0.026629,0.049118
2024-02-24,0.014399,0.013278,0.027677
2024-02-25,0.005590,-0.017981,-0.012391
2024-02-26,0.045246,-0.042339,0.002907
2024-02-27,0.002636,-0.059490,-0.056855
2024-02-28,0.018339,-0.024267,-0.005928
2024-02-29,0.022003,-0.010003,0.011999
2024-03-01,0.051933,-0.095731,-0.043798
2024-03-02,0.012929,0.002538,0.015467
2024-03-03,0.029966,-0.047619,-0.017653
2024-03-04,0.016633,-0.012389,0.004244
2024-03-05,-0.066044,0.037128,-0.028916
2024-03-06,0.105430,0.031116,0.136546
2024-03-07,0.017924,-0.052825,-0.034901
2024-03-08,0.085364,-0.037630,0.047733
2024-03-09,0.001717,0.014332,0.016048
2024-03-10,0.056147,-0.054191,0.001956
2024-03-11,-0.041811,0.050129,0.008318
2024-03-12,0.060000,-0.041939,0.018061
2024-03-13,-0.014341,-0.018229,-0.032570
2024-03-14,-0.131222,0.061367,-0.069855
2024-03-15,0.009609,-0.058927,-0.049318
2024-03-16,-0.125660,0.074362,-0.051298
2024-03-17,0.025692,-0.026559,-0.000867
2024-03-18,-0.143139,0.084064,-0.059075
2024-03-19,-0.010283,0.000580,-0.009703
2024-03-20,0.098705,-0.059282,0.039423
2024-03-21,0.001605,-0.010477,-0.008871
2024-03-22,-0.018689,0.037292,0.018602
2024-03-23,0.020410,-0.018900,0.001510
2024-03-24,0.063344,-0.080361,-0.017017
2024-03-25,0.032875,-0.086482,-0.053606
2024-03-26,-0.005645,0.025451,0.019807
2024-03-27,-0.002102,0.004470,0.002367
2024-03-28,-0.023765,-0.003466,-0.027231
2024-03-29,0.020717,0.029354,0.050071
2024-03-30,-0.006884,0.017154,0.010270
2024-03-31,-0.046498,0.024954,-0.021544
2024-04-01,-0.085809,0.063979,-0.021830
2024-04-02,0.039612,-0.025105,0.014507
2024-04-03,-0.040546,0.040963,0.000417
2024-04-04,-0.053404,0.038638,-0.014767
2024-04-05,0.051243,-0.043671,0.007572
2024-04-06,0.021314,-0.068077,-0.046763
2024-04-07,0.047472,-0.015601,0.031870
2024-04-08,-0.033212,0.006797,-0.026415
2024-04-09,-0.038674,0.039487,0.000813
2024-04-10,0.006090,-0.013349,-0.007259
2024-04-11,-0.014767,-0.000126,-0.014893
2024-04-12,-0.211844,0.198811,-0.013033
2024-04-13,-0.118808,0.117046,-0.001762
2024-04-14,0.054580,-0.045683,0.008896
2024-04-15,-0.082363,0.090209,0.007846
2024-04-16,-0.007887,0.009726,0.001839
2024-04-17,-0.021900,0.019837,-0.002062
2024-04-18,0.078466,-0.083246,-0.004779
2024-04-19,0.005739,-0.001474,0.004265
2024-04-20,0.107297,-0.055715,0.051583
2024-04-21,0.025734,-0.017684,0.008049
2024-04-22,-0.006030,-0.028621,-0.034650
2024-04-23,0.012453,-0.025062,-0.012609
2024-04-24,-0.088895,0.071148,-0.017747
2024-04-25,0.001224,0.003801,0.005025
2024-04-26,-0.041699,0.046854,0.005154
2024-04-27,0.031508,-0.043450,-0.011942
2024-04-28,-0.060611,0.045865,-0.014746
2024-04-29,-0.047924,0.044921,-0.003003
2024-04-30,-0.066135,0.080139,0.014004
2024-05-01,0.069310,-0.037886,0.031424
2024-05-02,0.042081,-0.055890,-0.013809
2024-05-03,0.071316,-0.060890,0.010426
2024-05-04,0.006727,0.011683,0.018410
2024-05-05,0.065596,-0.072447,-0.006851
2024-05-06,-0.035233,0.036041,0.000808
2024-05-07,-0.028576,0.044619,0.016044
2024-05-08,0.000705,0.004793,0.005497
2024-05-09,0.040439,-0.074337,-0.033898
2024-05-10,-0.051565,0.042407,-0.009158
2024-05-11,-0.005047,0.011939,0.006892
2024-05-12,-0.017875,0.006756,-0.011120
2024-05-13,-0.042997,0.025851,-0.017146
2024-05-14,-0.021435,0.033253,0.011818
2024-05-15,0.090552,-0.059529,0.031023
2024-05-16,-0.011849,0.038516,0.026667
2024-05-17,0.022211,-0.027405,-0.005194
2024-05-18,-0.037990,0.046731,0.008741
2024-05-19,-0.029747,0.018146,-0.011601
2024-05-20,0.079514,-0.086784,-0.007270
2024-05-21,-0.025195,-0.020306,-0.045501
2024-05-22,-0.012308,-0.030740,-0.043048
2024-05-23,-0.037510,0.009971,-0.027539
2024-05-24,0.066993,-0.058803,0.008190
2024-05-25,-0.026064,0.024958,-0.001106
2024-05-26,0.007147,-0.029865,-0.022718
2024-05-27,-0.001438,-0.002479,-0.003917
2024-05-28,0.031038,0.000413,0.031451
2024-05-29,-0.046409,0.048892,0.002483
2024-05-30,0.016278,-0.014282,0.001997
2024-05-31,-0.004271,-0.006699,-0.010970
2024-06-01,0.006058,-0.021678,-0.015620
2024-06-02,0.019722,-0.058627,-0.038905
2024-06-03,-0.004754,0.039064,0.034310
2024-06-04,0.053884,-0.006443,0.047441
2024-06-05,-0.007339,0.004640,-0.002700
2024-06-06,-0.015175,0.012698,-0.002477
2024-06-07,-0.102519,0.051020,-0.051498
2024-06-08,-0.043561,0.052634,0.009073
2024-06-09,-0.012783,0.014923,0.002140
2024-06-10,-0.057363,0.051212,-0.006151
2024-06-11,-0.036002,0.006359,-0.029643
2024-06-12,-0.004648,0.008359,0.003711
2024-06-13,-0.012649,0.005916,-0.006733
2024-06-14,-0.019790,0.024915,0.005126
2024-06-15,-0.010786,-0.001736,-0.012522
2024-06-16,-0.076621,0.054305,-0.022317
2024-06-17,-0.082122,0.105540,0.023417
2024-06-18,0.007726,-0.018542,-0.010816
2024-06-19,0.068358,-0.021645,0.046714
2024-06-20,-0.039659,0.022589,-0.017071
2024-06-21,-0.021904,0.024732,0.002829
2024-06-22,0.036832,-0.026340,0.010491
2024-06-23,-0.065640,0.063405,-0.002235
2024-06-24,0.058611,-0.047627,0.010983
2024-06-25,0.002734,-0.030201,-0.027467
2024-06-26,-0.001076,0.005758,0.004682
2024-06-27,0.024229,-0.002446,0.021784
2024-06-28,-0.016168,0.016164,-0.000004
2024-06-29,-0.005747,0.027251,0.021505
2024-06-30,0.039142,-0.013456,0.025685
2024-07-01,-0.017013,0.014444,-0.002569
2024-07-02,-0.048947,-0.003285,-0.052232
2024-07-03,-0.070170,0.047553,-0.022617
2024-07-04,-0.185252,0.155342,-0.029910
2024-07-05,0.082547,-0.079679,0.002868
2024-07-06,0.030970,-0.104150,-0.073180
2024-07-07,0.027680,-0.020380,0.007300
2024-07-08,0.009422,0.022088,0.031511
2024-07-09,0.016315,-0.031604,-0.015289
2024-07-10,0.004305,-0.009171,-0.004866
2024-07-11,-0.037393,0.038338,0.000945
2024-07-12,0.056889,-0.048124,0.008766
2024-07-13,0.015170,-0.011859,0.003311
2024-07-14,0.028000,-0.024878,0.003122
2024-07-15,0.025363,-0.069334,-0.043971
2024-07-16,0.072581,-0.040687,0.031894
2024-07-17,-0.019988,0.023967,0.003979
2024-07-18,-0.055624,0.026498,-0.029126
2024-07-19,0.047081,-0.101661,-0.054580
2024-07-20,-0.004684,-0.006872,-0.011556
2024-07-21,-0.019270,-0.010026,-0.029296
2024-07-22,-0.037207,0.030061,-0.007146
2024-07-23,-0.023811,0.025549,0.001739
2024-07-24,-0.069568,0.065338,-0.004230
2024-07-25,0.031608,-0.032007,-0.000399
2024-07-26,0.029544,-0.057971,-0.028427
2024-07-27,-0.025350,0.038999,0.013648
2024-07-28,0.026859,-0.021404,0.005455
2024-07-29,-0.031305,0.006746,-0.024559
2024-07-30,-0.023554,0.026643,0.003088
2024-07-31,-0.053605,0.048360,-0.005244
2024-08-01,-0.020694,0.020351,-0.000344
2024-08-02,-0.068662,0.055425,-0.013237
2024-08-03,-0.069320,0.065594,-0.003726
2024-08-04,-0.247445,0.237826,-0.009619
2024-08-05,0.098922,-0.125931,-0.027009
2024-08-06,0.041324,-0.048488,-0.007164
2024-08-07,-0.028007,0.015045,-0.012962
2024-08-08,0.062594,-0.061489,0.001105
2024-08-09,0.003957,0.000200,0.004156
2024-08-10,0.017480,-0.015710,0.001770
2024-08-11,-0.055264,0.051609,-0.003655
2024-08-12,0.000307,-0.001038,-0.000731
2024-08-13,0.038316,-0.009582,0.028734
2024-08-14,-0.037560,0.047918,0.010358
2024-08-15,-0.031282,0.026616,-0.004666
2024-08-16,-0.004891,0.007970,0.003078
2024-08-17,0.033388,-0.015542,0.017846
2024-08-18,0.005509,0.015642,0.021151
2024-08-19,0.035952,-0.024997,0.010955
2024-08-20,-0.008088,0.020452,0.012364
2024-08-21,0.047138,-0.013772,0.033365
2024-08-22,0.046700,-0.023780,0.022920
2024-08-23,0.087720,-0.084325,0.003395
2024-08-24,-0.023670,0.035120,0.011450
2024-08-25,-0.000350,-0.001913,-0.002264
2024-08-26,-0.078046,0.065828,-0.012218
2024-08-27,-0.027980,0.034450,0.006470
2024-08-28,-0.037688,0.035535,-0.002154
2024-08-29,-0.006024,0.023286,0.017262
2024-08-30,-0.027838,0.012271,-0.015568
2024-08-31,-0.031608,0.011846,-0.019762
2024-09-01,-0.016643,-0.005229,-0.021871
2024-09-02,0.028188,-0.057355,-0.029168
2024-09-03,-0.059635,0.025796,-0.033839
2024-09-04,0.013376,-0.012884,0.000492
2024-09-05,-0.029452,0.014358,-0.015094
2024-09-06,-0.014857,-0.006226,-0.021083
2024-09-07,0.037818,-0.035288,0.002530
2024-09-08,0.012995,-0.010448,0.002547
2024-09-09,0.028073,-0.041565,-0.013492
2024-09-10,-0.016134,0.042608,0.026473
2024-09-11,0.030797,-0.023519,0.007278
2024-09-12,0.000565,-0.027147,-0.026582
2024-09-13,0.018453,-0.058010,-0.039557
2024-09-14,-0.008660,-0.014496,-0.023156
2024-09-15,-0.049225,0.029674,-0.019551
2024-09-16,-0.007621,-0.036245,-0.043866
2024-09-17,0.002184,-0.039546,-0.037362
2024-09-18,0.076147,-0.125376,-0.049229
2024-09-19,0.042759,-0.012229,0.030531
2024-09-20,-0.027812,0.038338,0.010526
2024-09-21,-0.007472,0.028697,0.021226
2024-09-22,0.018776,-0.029664,-0.010889
2024-09-23,0.004569,0.015454,0.020023
2024-09-24,0.001117,-0.025033,-0.023916
2024-09-25,0.006453,0.001743,0.008195
2024-09-26,0.026114,-0.074694,-0.048580
2024-09-27,-0.016586,0.021037,0.004451
2024-09-28,-0.015525,-0.014776,-0.030301
2024-09-29,-0.002984,0.010777,0.007793
2024-09-30,0.009111,-0.010388,-0.001277
2024-10-01,-0.137859,0.095757,-0.042103
2024-10-02,-0.051634,0.048669,-0.002964
2024-10-03,0.007798,-0.005417,0.002381
2024-10-04,0.043413,-0.047385,-0.003972
2024-10-05,-0.033477,0.026800,-0.006676
2024-10-06,0.031517,-0.042231,-0.010714
2024-10-07,-0.023556,-0.004498,-0.028054
2024-10-08,-0.014095,0.028696,0.014601
2024-10-09,-0.066454,0.046272,-0.020181
2024-10-10,0.043467,-0.037125,0.006343
2024-10-11,0.041394,-0.068479,-0.027085
2024-10-12,-0.005154,-0.014035,-0.019189
2024-10-13,0.052387,-0.024441,0.027947
2024-10-14,0.013213,-0.016301,-0.003088
2024-10-15,-0.021035,0.087917,0.066882
2024-10-16,-0.036417,0.039348,0.002930
2024-10-17,0.006753,-0.041329,-0.034576
2024-10-18,0.037136,0.000832,0.037968
2024-10-19,0.005457,0.037724,0.043181
2024-10-20,0.005317,0.007419,0.012736
2024-10-21,-0.047490,0.036651,-0.010838
2024-10-22,-0.011223,0.030481,0.019258
2024-10-23,-0.043973,0.011825,-0.032148
2024-10-24,0.003664,0.000070,0.003734
2024-10-25,-0.077740,0.066535,-0.011205
2024-10-26,-0.009046,-0.005429,-0.014476
2024-10-27,-0.001989,-0.026838,-0.028827
2024-10-28,0.019255,-0.002865,0.016390
2024-10-29,0.014284,0.000951,0.015235
2024-10-30,-0.030914,0.022266,-0.008648
2024-10-31,-0.056626,0.060651,0.004025
2024-11-01,-0.014379,0.000669,-0.013709
2024-11-02,-0.076127,0.071634,-0.004493
2024-11-03,-0.012928,0.012000,-0.000927
2024-11-04,0.003163,0.003098,0.006261
2024-11-05,0.103696,-0.131375,-0.027679
2024-11-06,0.046717,-0.032662,0.014055
2024-11-07,0.009449,0.005988,0.015437
2024-11-08,0.038035,-0.021286,0.016748
2024-11-09,0.066149,-0.095507,-0.029357
2024-11-10,0.010271,0.037396,0.047667
2024-11-11,0.001321,-0.034844,-0.033523
2024-11-12,-0.108070,0.071869,-0.036201
2024-11-13,0.056817,-0.096380,-0.039563
2024-11-14,-0.070399,0.066014,-0.004385
2024-11-15,0.027177,-0.110526,-0.083349
2024-11-16,0.036691,-0.019233,0.017458
2024-11-17,0.005605,-0.016011,-0.010406
2024-11-18,-0.007025,0.011972,0.004947
2024-11-19,-0.024292,0.039470,0.015178
2024-11-20,-0.050075,0.062351,0.012276
2024-11-21,0.072991,-0.031552,0.041439
2024-11-22,0.060312,-0.039916,0.020397
2024-11-23,0.064521,-0.074938,-0.010417
2024-11-24,0.026942,-0.019150,0.007792
2024-11-25,-0.059833,0.058150,-0.001684
2024-11-26,0.008256,-0.032926,-0.024670
2024-11-27,0.023170,-0.019841,0.003329
2024-11-28,0.020803,-0.016026,0.004777
2024-11-29,0.073270,-0.050520,0.022751
2024-11-30,0.015876,-0.014876,0.000999
2024-12-01,-0.025735,0.008033,-0.017702
2024-12-02,0.150164,-0.108510,0.041654
2024-12-03,0.056604,-0.074153,-0.017549
2024-12-04,-0.023188,0.030378,0.007190
2024-12-05,0.013478,0.002331,0.015809
2024-12-06,0.001783,-0.017983,-0.016200
2024-12-07,-0.029483,0.015942,-0.013541
2024-12-08,-0.036782,0.027463,-0.009319
2024-12-09,-0.130665,0.104881,-0.025784
2024-12-10,-0.015711,0.014234,-0.001477
2024-12-11,0.088727,-0.089169,-0.000442
2024-12-12,-0.030745,0.010054,-0.020691
2024-12-13,-0.008834,-0.011729,-0.020564
2024-12-14,-0.060891,0.057099,-0.003792
2024-12-15,-0.008494,0.022439,0.013945
2024-12-16,0.007071,0.018343,0.025414
2024-12-17,-0.089735,0.062491,-0.027245
2024-12-18,-0.111942,0.094978,-0.016964
2024-12-19,-0.172142,0.158469,-0.013673
2024-12-20,0.163648,-0.194714,-0.031066
2024-12-21,-0.071090,0.048457,-0.022634
2024-12-22,0.002093,0.001905,0.003998
2024-12-23,0.043055,-0.045143,-0.002088
2024-12-24,0.067754,-0.075176,-0.007422
2024-12-25,-0.081069,0.071821,-0.009248
2024-12-26,0.042864,-0.007587,0.035277
2024-12-27,-0.034992,0.018001,-0.016991
2024-12-28,0.041692,-0.030843,0.010848
2024-12-29,-0.028018,0.031574,0.003557
2024-12-30,-0.024717,0.027181,0.002463
2024-12-31,-0.036316,0.009481,-0.026835
2025-01-01,0.114408,-0.040893,0.073515
2025-01-02,-0.044794,-0.011915,-0.056709
2025-01-03,0.073630,-0.019438,0.054193
2025-01-04,-0.028731,-0.008835,-0.037566
2025-01-05,0.014488,0.016023,0.030512
2025-01-06,-0.013055,-0.005452,-0.018506
2025-01-07,-0.163116,0.134484,-0.028632
2025-01-08,-0.034905,0.035769,0.000864
2025-01-09,0.023344,0.005138,0.028482
2025-01-10,-0.028152,0.033266,0.005113
2025-01-11,-0.016023,0.021648,0.005625
2025-01-12,-0.079515,0.070896,-0.008619
2025-01-13,0.056661,-0.048850,0.007811
2025-01-14,-0.039279,0.031008,-0.008271
2025-01-15,0.068354,-0.083403,-0.015048
2025-01-16,0.066043,-0.033124,0.032918
2025-01-17,-0.074972,0.064184,-0.010789
2025-01-18,-0.048723,0.033581,-0.015143
2025-01-19,-0.021976,0.021273,-0.000703
2025-01-20,-0.123724,0.099381,-0.024342
2025-01-21,0.061992,-0.062921,-0.000929
2025-01-22,-0.052128,0.028509,-0.023620
2025-01-23,0.024943,0.006747,0.031690
2025-01-24,-0.082042,0.050788,-0.031253
2025-01-25,0.015806,0.014164,0.029970
2025-01-26,-0.124176,0.053191,-0.070985
2025-01-27,0.062772,-0.044026,0.018746
2025-01-28,-0.031613,0.031409,-0.000204
2025-01-29,0.031004,-0.037431,-0.006428
2025-01-30,0.002389,-0.006181,-0.003792
2025-01-31,-0.027312,0.035127,0.007815
2025-02-01,-0.106372,0.087135,-0.019237
2025-02-02,-0.251485,0.233621,-0.017864
2025-02-03,0.019677,-0.074423,-0.054745
2025-02-04,0.051253,-0.009970,0.041284
2025-02-05,-0.031746,0.038169,0.006423
2025-02-06,-0.025676,0.029366,0.003691
2025-02-07,-0.055131,0.005342,-0.049789
2025-02-08,0.058320,-0.080766,-0.022447
2025-02-09,-0.036193,0.086984,0.050791
2025-02-10,0.116507,-0.146868,-0.030360
2025-02-11,-0.049866,0.065710,0.015843
2025-02-12,0.053889,-0.037290,0.016599
2025-02-13,-0.009574,0.035857,0.026283
2025-02-14,-0.006565,0.083900,0.077335
2025-02-15,-0.011477,0.007776,-0.003701
2025-02-16,-0.016918,0.018000,0.001082
2025-02-17,-0.056128,0.071912,0.015784
2025-02-18,0.011986,0.003607,0.015593
2025-02-19,0.013212,-0.026002,-0.012790
2025-02-20,0.030209,-0.106971,-0.076762
2025-02-21,-0.053313,0.053753,0.000440
2025-02-22,0.010564,-0.014040,-0.003476
2025-02-23,-0.079363,0.088590,0.009227
2025-02-24,-0.096282,0.091759,-0.004524
2025-02-25,0.090372,-0.089818,0.000554
2025-02-26,0.003512,-0.039791,-0.036279
2025-02-27,-0.059096,0.051210,-0.007886
2025-02-28,0.036103,-0.008216,0.027887
2025-03-01,0.012773,0.030448,0.043221
2025-03-02,0.046327,-0.079308,-0.032980
2025-03-03,-0.178574,0.188907,0.010333
2025-03-04,0.077893,-0.035646,0.042247
2025-03-05,0.017220,0.017502,0.034721
2025-03-06,-0.027612,0.061433,0.033822
2025-03-07,-0.049532,0.021590,-0.027942
2025-03-08,-0.031877,0.037015,0.005138
2025-03-09,-0.059568,0.008510,-0.051058
2025-03-10,-0.082292,0.019575,-0.062717
2025-03-11,0.032790,-0.010514,0.022276
2025-03-12,-0.000008,-0.044625,-0.044633
2025-03-13,-0.024432,0.024884,0.000452
2025-03-14,0.025054,-0.005660,0.019394
2025-03-15,0.031719,-0.057145,-0.025426
2025-03-16,0.048315,0.055513,0.103828
2025-03-17,-0.025906,0.003865,-0.022041
2025-03-18,0.003218,0.017679,0.020897
2025-03-19,0.012447,-0.098980,-0.086533
2025-03-20,-0.019424,0.005441,-0.013983
2025-03-21,0.022514,-0.060040,-0.037526
2025-03-22,-0.003558,0.047398,0.043840
2025-03-23,0.020242,0.004011,0.024253
2025-03-24,0.003337,0.010843,0.014180
2025-03-25,0.024387,-0.011458,0.012929
2025-03-26,-0.022504,0.041515,0.019011
2025-03-27,-0.081570,0.071496,-0.010074
2025-03-28,-0.056073,0.036100,-0.019973
2025-03-29,-0.011909,-0.000624,-0.012533
2025-03-30,-0.043321,0.015191,-0.028130
2025-03-31,0.055699,-0.051171,0.004528
2025-04-01,-0.066139,0.060644,-0.005494
2025-04-02,-0.081570,0.070952,-0.010618
2025-04-03,0.013166,-0.028826,-0.015661
2025-04-04,-0.021913,-0.001911,-0.023824
2025-04-05,-0.044248,0.052978,0.008731
2025-04-06,-0.135334,0.079392,-0.055942
2025-04-07,0.048011,-0.035817,0.012193
2025-04-08,-0.038132,-0.083914,-0.122046
2025-04-09,0.045639,-0.104772,-0.059133
2025-04-10,0.010377,-0.027269,-0.016892
2025-04-11,0.005891,0.085769,0.091661
2025-04-12,0.031993,-0.037022,-0.005029
2025-04-13,-0.051899,0.088702,0.036803
2025-04-14,0.002063,-0.011805,-0.009742
2025-04-15,-0.069359,0.047775,-0.021583
2025-04-16,0.006907,0.030713,0.037620
2025-04-17,0.031316,0.019487,0.050803
2025-04-18,0.031539,0.000586,0.032125
2025-04-19,0.087123,-0.110733,-0.023610
2025-04-20,0.052008,0.025749,0.077757
2025-04-21,-0.010739,0.037723,0.026984
2025-04-22,0.170089,-0.182502,-0.012413
2025-04-23,-0.059709,0.048281,-0.011428
2025-04-24,0.092261,-0.152669,-0.060408
2025-04-25,-0.029560,-0.089048,-0.118609
2025-04-26,-0.027040,-0.024459,-0.051499
2025-04-27,-0.010187,-0.061932,-0.072119
2025-04-28,-0.000349,0.038400,0.038051
2025-04-29,0.012809,-0.076196,-0.063387
2025-04-30,0.002249,-0.012931,-0.010682
2025-05-01,-0.042819,0.022438,-0.020381
2025-05-02,-0.023399,0.018220,-0.005179
2025-05-03,-0.081911,0.116883,0.034972
2025-05-04,0.040216,-0.016701,0.023514
2025-05-05,-0.014196,0.052322,0.038126
2025-05-06,-0.002835,0.051156,0.048321
2025-05-07,0.065983,-0.029899,0.036084
2025-05-08,0.081480,-0.069486,0.011994
2025-05-09,0.030828,-0.006705,0.024124
2025-05-10,0.007724,-0.002582,0.005142
2025-05-11,0.071886,-0.162492,-0.090607
2025-05-12,-0.075351,0.005696,-0.069655
2025-05-13,0.023317,-0.021378,0.001939
2025-05-14,-0.097499,0.149678,0.052179
2025-05-15,0.000943,0.054547,0.055490
2025-05-16,-0.085595,0.100617,0.015022
2025-05-17,0.083408,-0.057860,0.025548
2025-05-18,-0.067798,0.063355,-0.004443
2025-05-19,0.040366,-0.030657,0.009709
2025-05-20,-0.011856,0.002101,-0.009755
2025-05-21,0.091849,-0.106153,-0.014303
2025-05-22,0.014560,-0.036690,-0.022130
2025-05-23,-0.118805,0.096551,-0.022254
2025-05-24,-0.049164,0.017430,-0.031733
2025-05-25,0.058069,-0.018909,0.039160
2025-05-26,0.006341,0.002586,0.008927
2025-05-27,-0.015520,-0.036943,-0.052463
2025-05-28,0.021237,-0.003631,0.017605
2025-05-29,-0.124121,0.087800,-0.036321
2025-05-30,-0.097015,0.132142,0.035127
2025-05-31,0.001953,0.046321,0.048274
2025-06-01,-0.000414,-0.016848,-0.017262
2025-06-02,0.069479,-0.040465,0.029014
2025-06-03,-0.005488,-0.000870,-0.006358
2025-06-04,-0.060491,0.059905,-0.000586
2025-06-05,-0.042170,0.030609,-0.011561
2025-06-06,0.016352,-0.016028,0.000325
2025-06-07,0.001801,-0.002390,-0.000590
2025-06-08,0.033134,-0.034680,-0.001547
2025-06-09,0.044831,-0.060028,-0.015197
2025-06-10,-0.003946,-0.012132,-0.016078
2025-06-11,-0.072660,0.022683,-0.049977
2025-06-12,-0.084170,0.154282,0.070112
2025-06-13,0.035190,-0.030132,0.005058
2025-06-14,-0.020777,-0.002248,-0.023025
2025-06-15,0.052189,-0.057555,-0.005366
2025-06-16,-0.054547,0.035511,-0.019036
2025-06-17,-0.045682,0.025436,-0.020246
2025-06-18,0.040352,-0.012417,0.027934
2025-06-19,-0.006019,-0.011681,-0.017700
2025-06-20,-0.028364,-0.036224,-0.064588
2025-06-21,-0.097242,0.030884,-0.066358
2025-06-22,0.019070,-0.055197,-0.036127
2025-06-23,0.123927,-0.061168,0.062759
2025-06-24,-0.037699,-0.015104,-0.052803
2025-06-25,-0.001789,0.003881,0.002093
2025-06-26,-0.037115,0.037530,0.000415
2025-06-27,0.001333,0.015152,0.016485
2025-06-28,0.042241,-0.026767,0.015474
2025-06-29,0.025353,-0.013763,0.011589
2025-06-30,0.007317,0.037650,0.044967
2025-07-01,-0.014802,0.018978,0.004175
2025-07-02,0.093153,-0.040638,0.052515
2025-07-03,-0.049269,0.055530,0.006260
2025-07-04,-0.022121,-0.020444,-0.042565
2025-07-05,-0.023153,0.026819,0.003666
2025-07-06,0.057497,-0.018417,0.039080
2025-07-07,-0.029816,0.009772,-0.020044
2025-07-08,0.006500,0.000396,0.006896
2025-07-09,0.038055,-0.079764,-0.041709
2025-07-10,0.145852,-0.161786,-0.015934
2025-07-11,-0.049071,0.157510,0.108439
2025-07-12,-0.025190,0.049376,0.024186
2025-07-13,0.065284,-0.022165,0.043119
2025-07-14,-0.068050,0.016077,-0.051973
2025-07-15,0.009545,-0.059331,-0.049786
2025-07-16,0.038503,-0.012338,0.026165
2025-07-17,0.013725,0.007528,0.021253
2025-07-18,-0.071100,0.013518,-0.057583
2025-07-19,0.071998,-0.036757,0.035241
2025-07-20,0.064091,-0.046926,0.017165
2025-07-21,-0.050641,-0.006103,-0.056744
2025-07-22,0.014982,-0.042802,-0.027820
2025-07-23,-0.095288,0.055875,-0.039413
2025-07-24,0.055767,0.061759,0.117526
2025-07-25,0.036432,-0.027260,0.009172
2025-07-26,-0.011520,0.015055,0.003535
2025-07-27,0.037515,-0.052131,-0.014617
2025-07-28,-0.044248,0.020937,-0.023311
2025-07-29,-0.064943,0.077600,0.012657
2025-07-30,0.040772,-0.027537,0.013235
2025-07-31,-0.099319,0.080749,-0.018570
2025-08-01,0.006510,0.045377,0.051887
2025-08-02,-0.010572,-0.003279,-0.013851
2025-08-03,0.021068,-0.042637,-0.021570
2025-08-04,0.018920,-0.142390,-0.123470
2025-08-05,0.012403,-0.038277,-0.025874
2025-08-06,0.029643,-0.071704,-0.042061
2025-08-07,-0.003118,-0.041886,-0.045004
2025-08-08,0.079085,-0.015571,0.063513
2025-08-09,0.008053,-0.088091,-0.080038
2025-08-10,-0.011732,0.051814,0.040082
2025-08-11,-0.064472,0.072554,0.008082
2025-08-12,0.082893,0.013872,0.096766
2025-08-13,-0.047622,0.021288,-0.026334
2025-08-14,-0.050010,0.060279,0.010269
2025-08-15,-0.008800,0.009567,0.000767
2025-08-16,0.060076,-0.038539,0.021537
2025-08-17,-0.066683,0.058762,-0.007921
2025-08-18,0.014120,0.000212,0.014331
2025-08-19,-0.016468,0.018877,0.002409
2025-08-20,-0.000364,-0.021887,-0.022251
2025-08-21,0.007588,0.039152,0.046740
2025-08-22,0.051321,-0.143792,-0.092471
2025-08-23,-0.044204,0.021311,-0.022894
2025-08-24,-0.042088,0.050724,0.008636
2025-08-25,-0.037961,0.073468,0.035507
2025-08-26,0.033116,-0.008428,0.024687
2025-08-27,0.017193,-0.014494,0.002699
2025-08-28,-0.046064,0.051398,0.005334
2025-08-29,0.010018,-0.031408,-0.021391
2025-08-30,-0.009633,0.017090,0.007457
2025-08-31,-0.013556,0.050653,0.037096
2025-09-01,0.002460,-0.002264,0.000196
2025-09-02,0.005849,-0.013361,-0.007512
2025-09-03,-0.003359,-0.015977,-0.019336
2025-09-04,0.003502,-0.041380,-0.037877
2025-09-05,-0.021358,-0.009636,-0.030994
2025-09-06,0.021291,-0.013135,0.008157
2025-09-07,0.031940,-0.041044,-0.009104
2025-09-08,0.018857,-0.065911,-0.047054
2025-09-09,-0.028914,-0.007322,-0.036236
2025-09-10,0.012305,0.029531,0.041836
2025-09-11,-0.014788,-0.034155,-0.048944
2025-09-12,0.105299,-0.016880,0.088420
2025-09-13,0.010154,-0.028957,-0.018803
2025-09-14,-0.087562,0.185985,0.098423
2025-09-15,-0.021599,0.097629,0.076029
2025-09-16,-0.026406,0.015285,-0.011122
2025-09-17,0.048522,-0.106975,-0.058452
2025-09-18,-0.030864,0.048449,0.017584
2025-09-19,-0.039288,0.014859,-0.024429
2025-09-20,0.020756,0.014484,0.035240
2025-09-21,-0.116429,0.090340,-0.026090
2025-09-22,-0.057223,0.073507,0.016284
2025-09-23,0.004340,0.003928,0.008268
2025-09-24,-0.077904,0.073819,-0.004085
2025-09-25,-0.024660,-0.001372,-0.026032
2025-09-26,0.013601,0.010631,0.024233
2025-09-27,-0.015676,-0.020290,-0.035966
2025-09-28,0.011802,0.020449,0.032251
2025-09-29,-0.043121,0.030085,-0.013036
2025-09-30,0.035062,0.058338,0.093400
2025-10-01,0.027203,-0.008385,0.018818
2025-10-02,0.008445,0.078240,0.086685
2025-10-03,0.028658,0.023127,0.051785
2025-10-04,-0.002223,0.009071,0.006848
2025-10-05,-0.004461,-0.008845,-0.013306
2025-10-06,-0.004097,0.020640,0.016543
2025-10-07,-0.038463,0.014064,-0.024399
2025-10-08,-0.082572,0.029384,-0.053188
2025-10-09,-0.013337,-0.034744,-0.048081
2025-10-10,-0.389562,0.228364,-0.161199
2025-10-11,-0.011401,0.010112,-0.001290
2025-10-12,0.109487,-0.124985,-0.015498
2025-10-13,-0.064798,0.156531,0.091733
2025-10-14,0.056457,-0.067697,-0.011240
2025-10-15,-0.047436,0.075521,0.028085
2025-10-16,-0.099536,0.040763,-0.058773
2025-10-17,0.075240,-0.016302,0.058938
2025-10-18,-0.020014,0.136201,0.116187
2025-10-19,0.045272,-0.025555,0.019717
2025-10-20,-0.063949,0.059800,-0.004149
2025-10-21,-0.016663,-0.011181,-0.027845
2025-10-22,0.022032,0.006495,0.028527
2025-10-23,0.003797,-0.118817,-0.115020
2025-10-24,0.012639,-0.101713,-0.089073
2025-10-25,0.000438,0.050813,0.051251
2025-10-26,-0.023490,0.026796,0.003305
2025-10-27,-0.041847,0.066259,0.024412
2025-10-28,-0.037732,0.041314,0.003582
2025-10-29,-0.038178,0.015513,-0.022665
2025-10-30,-0.023312,-0.013293,-0.036605
2025-10-31,0.024443,0.002299,0.026742
2025-11-01,-0.008707,0.031887,0.023180
2025-11-02,-0.080409,0.058755,-0.021654
2025-11-03,-0.042504,-0.070249,-0.112754
2025-11-04,-0.055947,0.091699,0.035753
2025-11-05,0.006518,-0.000944,0.005575
2025-11-06,0.041506,-0.177959,-0.136453
2025-11-07,0.013544,0.099632,0.113177
2025-11-08,-0.037094,0.018250,-0.018843
2025-11-09,0.031939,-0.015467,0.016472
2025-11-10,-0.069715,0.068021,-0.001693
2025-11-11,-0.002122,0.003140,0.001018
2025-11-12,-0.077145,0.032073,-0.045072
2025-11-13,-0.106201,0.052053,-0.054148
2025-11-14,0.041760,-0.000369,0.041391
2025-11-15,-0.002060,-0.034461,-0.036521
2025-11-16,-0.033397,0.018833,-0.014564
2025-11-17,0.009310,0.089225,0.098535
2025-11-18,-0.026113,0.034917,0.008804
2025-11-19,-0.010851,-0.024383,-0.035234
2025-11-20,-0.155409,0.030468,-0.124941
2025-11-21,-0.079090,0.181022,0.101932
2025-11-22,0.033962,0.062769,0.096731
2025-11-23,-0.011553,-0.032533,-0.044086
2025-11-24,0.051783,-0.023657,0.028126
2025-11-25,0.029434,-0.011540,0.017893
2025-11-26,0.023567,0.049225,0.072792
2025-11-27,-0.007945,-0.015457,-0.023402
2025-11-28,-0.029840,-0.008184,-0.038024
2025-11-29,-0.018230,-0.019432,-0.037662
2025-11-30,-0.090455,0.054362,-0.036093
2025-12-01,-0.028690,0.043502,0.014812
2025-12-02,0.022159,-0.085884,-0.063726
2025-12-03,0.023701,-0.001975,0.021726
2025-12-04,-0.032794,0.046932,0.014138
2025-12-05,0.019500,0.010686,0.030186
2025-12-06,-0.016970,0.036807,0.019837
2025-12-07,0.010646,0.024946,0.035592
2025-12-08,-0.023451,0.009233,-0.014218
2025-12-09,0.010355,-0.105358,-0.095003
2025-12-10,-0.019624,0.015614,-0.004011
2025-12-11,0.012783,0.101584,0.114367
2025-12-12,-0.019492,-0.018097,-0.037590
2025-12-13,-0.020881,-0.009013,-0.029894
2025-12-14,-0.069866,-0.058169,-0.128035
2025-12-15,-0.052409,-0.022460,-0.074869
2025-12-16,0.001009,0.080490,0.081499
2025-12-17,-0.033619,0.042851,0.009232
2025-12-18,-0.009982,0.026704,0.016723
2025-12-19,0.036440,-0.007787,0.028653
2025-12-20,0.007710,-0.091377,-0.083666
2025-12-21,-0.013620,0.106146,0.092526
2025-12-22,-0.016992,-0.021094,-0.038086
2025-12-23,-0.041067,0.016291,-0.024776
2025-12-24,0.024240,0.019095,0.043336
2025-12-25,0.009536,0.020216,0.029752
2025-12-26,-0.006431,-0.024125,-0.030556
2025-12-27,0.000419,0.036281,0.036700
2025-12-28,-0.023542,-0.016456,-0.039997
2025-12-29,-0.026651,0.072962,0.046311
2025-12-30,-0.064388,-0.086835,-0.151224
2025-12-31,-0.015989,-0.061783,-0.077772
2026-01-01,0.007872,0.072418,0.080290
2026-01-02,0.080375,-0.025874,0.054501
2026-01-03,0.066633,0.001366,0.067999
2026-01-04,-0.011486,0.061707,0.050221
2026-01-05,0.009035,0.003063,0.012098
2026-01-06,-0.042228,0.031329,-0.010899
2026-01-07,-0.059292,0.048245,-0.011048
2026-01-08,0.029848,-0.026130,0.003718
2026-01-09,-0.018301,0.023008,0.004707
2026-01-10,-0.011685,0.039823,0.028138
2026-01-11,-0.036536,0.009479,-0.027057
2026-01-12,0.004940,0.033097,0.038037
2026-01-13,0.018080,-0.035972,-0.017891
2026-01-14,-0.010691,0.027496,0.016805
2026-01-15,-0.045712,-0.039408,-0.085119
2026-01-16,-0.008066,-0.011511,-0.019577
2026-01-17,-0.022046,-0.064580,-0.086626
2026-01-18,-0.088676,0.027991,-0.060685
2026-01-19,-0.024821,-0.007208,-0.032029
2026-01-20,0.032538,-0.027013,0.005526
2026-01-21,0.022207,0.005774,0.027982
2026-01-22,-0.030231,0.012874,-0.017357
2026-01-23,0.037244,-0.025298,0.011946
2026-01-24,0.027997,-0.010577,0.017420
2026-01-25,-0.050033,0.108202,0.058169
2026-01-26,0.026875,0.019642,0.046517
2026-01-27,-0.014227,-0.044631,-0.058859
2026-01-28,-0.033984,0.084569,0.050586
2026-01-29,-0.055486,0.031840,-0.023645
2026-01-30,-0.035970,-0.048815,-0.084785
2026-01-31,-0.049620,0.011935,-0.037685
2026-02-01,-0.046228,0.278645,0.232417
2026-02-02,0.008332,-0.021366,-0.013035
2026-02-03,-0.011063,0.063352,0.052289
2026-02-04,-0.054438,0.062970,0.008533
2026-02-05,-0.065023,0.098133,0.033109
2026-02-06,0.009105,-0.023299,-0.014194
2026-02-07,0.006456,-0.023342,-0.016886
2026-02-08,-0.007911,-0.002778,-0.010689
2026-02-09,0.024017,0.050904,0.074921
2026-02-10,-0.039826,-0.039807,-0.079632
2026-02-11,-0.022747,-0.015822,-0.038569
2026-02-12,0.015740,-0.002649,0.013092
2026-02-13,0.039727,0.036643,0.076370
2026-02-14,0.029373,0.010968,0.040341
2026-02-15,-0.031805,0.069222,0.037417
2026-02-16,-0.013527,0.015375,0.001847
2026-02-17,-0.006699,0.058162,0.051464
2026-02-18,-0.068234,0.046181,-0.022053
2026-02-19,0.025542,-0.070007,-0.044464
2026-02-20,0.011254,0.018137,0.029391
2026-02-21,-0.000033,0.046475,0.046442
2026-02-22,0.002137,0.057407,0.059544
2026-02-23,-0.039639,0.034412,-0.005227
2026-02-24,0.039519,0.006588,0.046107
2026-02-25,-0.005695,-0.095276,-0.100970
2026-02-26,-0.013236,0.029181,0.015945
2026-02-27,-0.057907,0.078831,0.020924
2026-02-28,0.074358,-0.090228,-0.015870
2026-03-01,-0.003362,0.001057,-0.002306
2026-03-02,-0.011210,-0.008981,-0.020191
2026-03-03,0.024610,0.116403,0.141013
2026-03-04,-0.022192,0.000430,-0.021762
2026-03-05,-0.018268,0.026283,0.008015
2026-03-06,-0.008116,0.066923,0.058807
2026-03-07,0.022981,0.041004,0.063985
2026-03-08,0.018962,-0.047335,-0.028373
2026-03-09,0.016495,-0.042317,-0.025821
2026-03-10,-0.022028,0.046249,0.024221
2026-03-11,-0.009566,0.089830,0.080264
2026-03-12,-0.008202,-0.050955,-0.059157
2026-03-13,-0.003180,0.029430,0.026250
2026-03-14,0.000077,-0.039310,-0.039233
2026-03-15,0.004373,0.080466,0.084839
2026-03-16,-0.006353,-0.014279,-0.020632
2026-03-17,-0.024212,0.026010,0.001798
2026-03-18,-0.062066,0.020621,-0.041445
2026-03-19,0.010698,0.035548,0.046246
2026-03-20,-0.012127,0.003314,-0.008813
2026-03-21,-0.039433,-0.023781,-0.063214
2026-03-22,-0.031344,-0.026362,-0.057707
2026-03-23,0.038264,0.071025,0.109289
2026-03-24,0.024419,-0.033461,-0.009042
2026-03-25,-0.045113,0.053551,0.008438
2026-03-26,-0.069784,0.046545,-0.023239
2026-03-27,-0.042244,-0.008248,-0.050492
2026-03-28,0.045370,0.046795,0.092164
2026-03-29,-0.005854,-0.012417,-0.018271
2026-03-30,-0.038179,0.049568,0.011389
2026-03-31,-0.108161,-0.047486,-0.155647
2026-04-01,0.018291,-0.046078,-0.027788
2026-04-02,0.019487,0.126088,0.145575
2026-04-03,-0.017050,-0.018361,-0.035411
2026-04-04,0.071034,-0.071375,-0.000341
2026-04-05,0.000010,0.130743,0.130754
2026-04-06,0.032777,0.006814,0.039590
2026-04-07,0.000149,0.027778,0.027927
2026-04-08,0.031303,0.009047,0.040351
2026-04-09,-0.013628,0.013230,-0.000398
2026-04-10,0.005308,0.003658,0.008966
2026-04-11,0.063433,-0.047986,0.015447
2026-04-12,0.020073,-0.030411,-0.010338
2026-04-13,0.050168,-0.024277,0.025891
2026-04-14,0.051876,0.107496,0.159372
2026-04-15,-0.002745,0.069998,0.067253
2026-04-16,0.048337,0.040975,0.089312
2026-04-17,-0.004925,0.045209,0.040283
2026-04-18,-0.031362,0.327149,0.295786
2026-04-19,-0.041501,0.071779,0.030278
2026-04-20,0.069822,-0.056246,0.013577
2026-04-21,0.016416,0.033740,0.050156
2026-04-22,-0.009856,0.034852,0.024996
2026-04-23,0.003052,-0.031804,-0.028752
2026-04-24,0.021700,0.036194,0.057894
2026-04-25,-0.030408,0.074074,0.043666
2026-04-26,0.009982,0.078664,0.088646
2026-04-27,0.019888,-0.025347,-0.005459
2026-04-28,-0.008310,-0.005242,-0.013552
2026-04-29,0.000441,0.006913,0.007354
2026-04-30,0.029892,-0.055008,-0.025116
2026-05-01,0.038813,-0.052190,-0.013376
2026-05-02,0.012252,-0.011659,0.000593
2026-05-03,0.021498,-0.035101,-0.013604
2026-05-04,-0.026570,0.051126,0.024556
2026-05-05,0.028522,-0.018025,0.010497
2026-05-06,-0.015025,-0.035190,-0.050215
2026-05-07,-0.016568,-0.032803,-0.049371
2026-05-08,0.018827,-0.032220,-0.013393
2026-05-09,0.003103,0.020634,0.023737
2026-05-10,-0.025104,0.038027,0.012923
2026-05-11,0.034638,-0.020816,0.013821
2026-05-12,-0.010807,0.041079,0.030272
2026-05-13,-0.070410,0.034446,-0.035965
2026-05-14,0.007628,0.037108,0.044736
2026-05-15,-0.056259,0.122234,0.065975
2026-05-16,0.028545,0.003320,0.031866
2026-05-17,-0.050517,0.054800,0.004283
2026-05-18,-0.014948,0.020593,0.005645
2026-05-19,-0.013388,-0.034616,-0.048004
2026-05-20,-0.000486,-0.001438,-0.001924
2026-05-21,0.016694,-0.021000,-0.004306
2026-05-22,-0.062972,0.026485,-0.036486
2026-05-23,0.056834,-0.052039,0.004795
2026-05-24,0.002569,0.041279,0.043848
2026-05-25,-0.040732,0.019972,-0.020759
2026-05-26,-0.031668,0.044072,0.012404
2026-05-27,-0.042711,0.121922,0.079212
2026-05-28,-0.008232,-0.031035,-0.039267
2026-05-29,0.002329,-0.038453,-0.036124
2026-05-30,-0.006629,0.040433,0.033804
2026-05-31,0.065454,-0.068229,-0.002776
2026-06-01,-0.012803,0.002859,-0.009944
2026-06-02,-0.033244,0.017210,-0.016034
2026-06-03,-0.045154,0.075018,0.029864
2026-06-04,-0.035509,0.019083,-0.016425
2026-06-05,-0.028610,0.046221,0.017611
2026-06-06,-0.002200,-0.060498,-0.062698
2026-06-07,0.023900,-0.090896,-0.066997
2026-06-08,0.028205,0.069724,0.097929
2026-06-09,0.004958,0.020293,0.025251
2026-06-10,0.055873,-0.025744,0.030129
2026-06-11,0.026519,-0.107450,-0.080931
2026-06-12,-0.017308,0.228475,0.211167
2026-06-13,-0.011816,0.075865,0.064049
2026-06-14,0.006536,0.018303,0.024839
2026-06-15,0.004796,0.128619,0.133415
2026-06-16,0.002632,0.004264,0.006896
2026-06-17,-0.000674,-0.094218,-0.094893
2026-06-18,-0.015178,0.144056,0.128878
2026-06-19,0.019010,-0.022684,-0.003675
2026-06-20,-0.020155,0.059630,0.039475
2026-06-21,-0.009497,0.019090,0.009593
2026-06-22,-0.033016,0.080272,0.047255
2026-06-23,0.012062,0.023803,0.035865
2026-06-24,-0.053085,0.027116,-0.025969
2026-06-25,-0.022757,-0.003222,-0.025978
2026-06-26,-0.004672,0.037812,0.033140
2026-06-27,-0.022741,0.039812,0.017072
2026-06-28,0.029284,0.017320,0.046604
2026-06-29,-0.028836,0.028795,-0.000041
2026-06-30,-0.024238,0.012920,-0.011318
2026-07-01,-0.037345,0.011056,-0.026290
2026-07-02,-0.002888,0.067072,0.064184
2026-07-03,-0.000605,-0.022947,-0.023552
2026-07-04,-0.024758,0.038869,0.014111
2026-07-05,-0.020519,0.018887,-0.001632
2026-07-06,0.010720,0.007763,0.018483
2026-07-07,-0.083311,0.407038,0.323727
2026-07-08,0.033587,0.044411,0.077998
2026-07-09,0.030662,-0.057526,-0.026864
2026-07-10,-0.010427,0.118270,0.107843
2026-07-11,-0.016805,0.082693,0.065888
2026-07-12,-0.010034,0.112860,0.102826
2026-07-13,-0.014978,0.029295,0.014317
2026-07-14,0.014319,0.002769,0.017088
2026-07-15,-0.030173,0.022715,-0.007458
2026-07-16,-0.045728,0.018817,-0.026911
2026-07-17,-0.008713,0.017393,0.008680
2026-07-18,0.050315,-0.012025,0.038291
2026-07-19,0.011652,-0.009726,0.001926
2026-07-20,0.004919,0.131209,0.136128
2026-07-21,0.016511,0.070157,0.086668
2026-07-22,-0.007740,-0.109085,-0.116825
2026-07-23,-0.003542,-0.053386,-0.056928
2026-07-24,-0.035437,-0.055296,-0.090733
2026-07-25,-0.004989,0.033408,0.028419
2026-07-26,-0.047937,0.043012,-0.004925
2026-07-27,-0.032306,0.063248,0.030941
2026-07-28,-0.040696,0.036326,-0.004370
2026-07-29,-0.014661,0.063185,0.048524
2026-07-30,0.093790,-0.068414,0.025376
2026-07-31,-0.057213,0.004170,-0.053042
2026-08-01,0.002182,0.094121,0.096302
2026-08-02,-0.047695,0.008010,-0.039686
2026-08-03,0.032166,0.030718,0.062884
2026-08-04,0.055235,-0.035379,0.019856
2026-08-05,0.014986,-0.056624,-0.041638
2026-08-06,0.025504,0.017722,0.043226
2026-08-07,0.008008,-0.055073,-0.047065
2026-08-08,-0.031062,-0.044936,-0.075999
2026-08-09,-0.041536,0.018381,-0.023155
2026-08-10,0.014958,0.124148,0.139106
2026-08-11,0.000933,0.084112,0.085045
2026-08-12,-0.002588,0.072645,0.070057
2026-08-13,-0.019659,0.048948,0.029289
2026-08-14,0.044404,0.049782,0.094186
2026-08-15,0.007289,0.048001,0.055290
2026-08-16,0.015318,0.064971,0.080289
2026-08-17,-0.064662,0.021408,-0.043254
2026-08-18,-0.054123,-0.029371,-0.083494
2026-08-19,0.037866,0.014928,0.052794
2026-08-20,0.028336,-0.000073,0.028263
2026-08-21,-0.022728,-0.004983,-0.027711
2026-08-22,-0.069894,0.017472,-0.052422
2026-08-23,0.014888,-0.026139,-0.011251
2026-08-24,0.006387,0.011676,0.018063
2026-08-25,0.026064,0.043038,0.069103
2026-08-26,0.030368,-0.017969,0.012398
2026-08-27,0.011412,0.004981,0.016393
2026-08-28,-0.018236,0.022541,0.004305
2026-08-29,0.015386,-0.041771,-0.026385
2026-08-30,-0.008590,0.101137,0.092547
